HUB,GERENCIA,Nombre Proyecto,Máscara PEP del proyecto,Especialidad,Código de MR,Ítem MR,Descripción del item,Área de instalación 1 (Sistema),Estado del Proceso de Aprovisionamiento,Proveedor,Fecha requerida,Fecha proyectada llegada,Estado de Inspección del Ítem,dias_atraso,semaforo
Downstream,Caribe,KAPEXIA DEMO — Refinería Modelo,RC-EPC-969,MEC._TUBERÍA,000-MR-PI15-0342,11,ITEM DEMO 1 — MEC._TUBERÍA,OFFSITES,OC EMITIDA,DELTA EQUIPOS S.A.S.,2024-06-10,2023-11-30,No requiere inspección,157,AMARILLO
Downstream,Caribe,KAPEXIA DEMO — Refinería Modelo,RC-EPC-268,MEC._ACCESORIOS,001-MR-PI13-0488,1,ITEM DEMO 2 — MEC._ACCESORIOS,OFFSITES,EN FABRICACIÓN,DELTA EQUIPOS S.A.S.,2024-04-17,2024-03-13,En programación,261,AMARILLO
Downstream,Caribe,KAPEXIA DEMO — Refinería Modelo,RC-EPC-403,MEC._ACCESORIOS,002-MR-PI13-0322,4,ITEM DEMO 3 — MEC._ACCESORIOS,TANKAGE,EN PROCESO DE COMPRA,PROVEEDOR ALPHA S.A.,2023-09-04,2023-09-13,Rechazado,79,VERDE
Downstream,Caribe,KAPEXIA DEMO — Refinería Modelo,RC-EPC-588,MEC._ACCESORIOS,003-MR-PI13-0614,34,ITEM DEMO 4 — MEC._ACCESORIOS,VACUUM UNIT,RECIBIDO EN SITIO,EPSILON VALVES CO.,2023-07-10,2022-12-11,Liberado,-197,VERDE
Downstream,Caribe,KAPEXIA DEMO — Refinería Modelo,RC-EPC-169,MEC._TUBERÍA,004-MR-PI15-0791,16,ITEM DEMO 5 — MEC._TUBERÍA,OFFSITES,RECIBIDO EN SITIO,EPSILON VALVES CO.,2024-04-10,2023-11-17,No requiere inspección,144,VERDE
Downstream,Caribe,KAPEXIA DEMO — Refinería Modelo,RC-EPC-529,MEC._TUBERÍA,005-MR-PI15-0773,38,ITEM DEMO 6 — MEC._TUBERÍA,TANKAGE,EN PROCESO DE COMPRA,GAMMA SUPPLIES INC.,2023-11-23,2023-04-17,En programación,-70,VERDE
Downstream,Caribe,KAPEXIA DEMO — Refinería Modelo,RC-EPC-505,MEC._ESTÁTICA,006-MR-ME01-0234,43,ITEM DEMO 7 — MEC._ESTÁTICA,FLARE SYSTEM,EN FABRICACIÓN,DELTA EQUIPOS S.A.S.,2023-05-15,2023-02-24,En programación,-122,VERDE
Downstream,Caribe,KAPEXIA DEMO — Refinería Modelo,RC-EPC-736,MEC._ACCESORIOS,007-MR-PI13-0676,7,ITEM DEMO 8 — MEC._ACCESORIOS,CRUDE UNIT,EN PROCESO DE COMPRA,BETA INDUSTRIAL LTDA.,2024-05-20,2023-10-30,No Aceptado,126,VERDE
Downstream,Caribe,KAPEXIA DEMO — Refinería Modelo,RC-EPC-170,MEC._VÁLVULAS,008-MR-PI14-0350,24,ITEM DEMO 9 — MEC._VÁLVULAS,UTILITIES,EN TRÁNSITO,DELTA EQUIPOS S.A.S.,2023-06-15,2022-12-24,No Aceptado,-184,AMARILLO
Downstream,Caribe,KAPEXIA DEMO — Refinería Modelo,RC-EPC-926,MEC._ACCESORIOS,009-MR-PI13-0769,34,ITEM DEMO 10 — MEC._ACCESORIOS,CRUDE UNIT,EN PROCESO DE COMPRA,GAMMA SUPPLIES INC.,2024-01-26,2023-11-01,Rechazado,128,VERDE
Downstream,Caribe,KAPEXIA DEMO — Refinería Modelo,RC-EPC-209,MEC._ACCESORIOS,010-MR-PI13-0860,36,ITEM DEMO 11 — MEC._ACCESORIOS,VACUUM UNIT,EN FABRICACIÓN,GAMMA SUPPLIES INC.,2023-03-25,2022-10-04,No Aceptado,-265,VERDE
Downstream,Caribe,KAPEXIA DEMO — Refinería Modelo,RC-EPC-749,MEC._VÁLVULAS,011-MR-PI14-0973,17,ITEM DEMO 12 — MEC._VÁLVULAS,TANKAGE,OC EMITIDA,GAMMA SUPPLIES INC.,2023-05-18,2023-03-14,Liberado,-104,VERDE
Downstream,Caribe,KAPEXIA DEMO — Refinería Modelo,RC-EPC-145,MEC._ACCESORIOS,012-MR-PI13-0103,22,ITEM DEMO 13 — MEC._ACCESORIOS,VACUUM UNIT,EN FABRICACIÓN,BETA INDUSTRIAL LTDA.,2023-03-19,2023-02-23,Rechazado,-123,ROJO
Downstream,Caribe,KAPEXIA DEMO — Refinería Modelo,RC-EPC-214,MEC._ACCESORIOS,013-MR-PI13-0177,45,ITEM DEMO 14 — MEC._ACCESORIOS,VACUUM UNIT,EN PROCESO DE COMPRA,PROVEEDOR ALPHA S.A.,2023-09-14,2023-08-23,En programación,58,VERDE
Downstream,Caribe,KAPEXIA DEMO — Refinería Modelo,RC-EPC-142,MEC._TUBERÍA,014-MR-PI15-0415,24,ITEM DEMO 15 — MEC._TUBERÍA,CRUDE UNIT,EN FABRICACIÓN,BETA INDUSTRIAL LTDA.,2023-11-25,2023-06-13,Rechazado,-13,VERDE
Downstream,Caribe,KAPEXIA DEMO — Refinería Modelo,RC-EPC-673,MEC._VÁLVULAS,015-MR-PI14-0995,27,ITEM DEMO 16 — MEC._VÁLVULAS,TANKAGE,EN TRÁNSITO,BETA INDUSTRIAL LTDA.,2023-06-07,2022-12-01,No requiere inspección,-207,VERDE
Downstream,Caribe,KAPEXIA DEMO — Refinería Modelo,RC-EPC-125,MEC._ACCESORIOS,016-MR-PI13-0283,48,ITEM DEMO 17 — MEC._ACCESORIOS,UTILITIES,OC EMITIDA,ZETA FITTINGS CORP.,2024-06-13,2024-01-15,Rechazado,203,ROJO
Downstream,Caribe,KAPEXIA DEMO — Refinería Modelo,RC-EPC-906,MEC._VÁLVULAS,017-MR-PI14-0818,7,ITEM DEMO 18 — MEC._VÁLVULAS,OFFSITES,RECIBIDO EN SITIO,DELTA EQUIPOS S.A.S.,2024-03-21,2023-11-29,No requiere inspección,156,VERDE
Downstream,Caribe,KAPEXIA DEMO — Refinería Modelo,RC-EPC-940,INST._Y_CONTROL,018-MR-IN01-0914,15,ITEM DEMO 19 — INST._Y_CONTROL,VACUUM UNIT,RECIBIDO EN SITIO,ZETA FITTINGS CORP.,2023-05-13,2023-05-08,No requiere inspección,-49,VERDE
Downstream,Caribe,KAPEXIA DEMO — Refinería Modelo,RC-EPC-171,MEC._ACCESORIOS,019-MR-PI13-0891,18,ITEM DEMO 20 — MEC._ACCESORIOS,UTILITIES,EN PROCESO DE COMPRA,DELTA EQUIPOS S.A.S.,2023-08-23,2023-06-12,Rechazado,-14,VERDE
Downstream,Caribe,KAPEXIA DEMO — Refinería Modelo,RC-EPC-218,INST._Y_CONTROL,020-MR-IN01-0998,17,ITEM DEMO 21 — INST._Y_CONTROL,VACUUM UNIT,EN PROCESO DE COMPRA,GAMMA SUPPLIES INC.,2024-06-16,2024-04-06,Liberado,285,AMARILLO
Downstream,Caribe,KAPEXIA DEMO — Refinería Modelo,RC-EPC-905,MEC._TUBERÍA,021-MR-PI15-0421,28,ITEM DEMO 22 — MEC._TUBERÍA,TANKAGE,EN PROCESO DE COMPRA,PROVEEDOR ALPHA S.A.,2023-03-27,2023-03-09,Parcial liberado,-109,VERDE
Downstream,Caribe,KAPEXIA DEMO — Refinería Modelo,RC-EPC-825,MEC._ACCESORIOS,022-MR-PI13-0546,1,ITEM DEMO 23 — MEC._ACCESORIOS,TANKAGE,EN PROCESO DE COMPRA,ZETA FITTINGS CORP.,2024-05-05,2023-12-14,Rechazado,171,VERDE
Downstream,Caribe,KAPEXIA DEMO — Refinería Modelo,RC-EPC-171,MEC._ACCESORIOS,023-MR-PI13-0780,22,ITEM DEMO 24 — MEC._ACCESORIOS,TANKAGE,EN FABRICACIÓN,ZETA FITTINGS CORP.,2024-05-26,2024-01-07,Liberado,195,VERDE
Downstream,Caribe,KAPEXIA DEMO — Refinería Modelo,RC-EPC-782,ELÉCTRICA,024-MR-EL01-0518,21,ITEM DEMO 25 — ELÉCTRICA,OFFSITES,EN FABRICACIÓN,EPSILON VALVES CO.,2024-02-03,2023-11-08,No requiere inspección,135,VERDE
Downstream,Caribe,KAPEXIA DEMO — Refinería Modelo,RC-EPC-488,MEC._ACCESORIOS,025-MR-PI13-0793,48,ITEM DEMO 26 — MEC._ACCESORIOS,VACUUM UNIT,EN PROCESO DE COMPRA,EPSILON VALVES CO.,2023-05-09,2023-04-14,En programación,-73,ROJO
Downstream,Caribe,KAPEXIA DEMO — Refinería Modelo,RC-EPC-315,MEC._ACCESORIOS,026-MR-PI13-0540,38,ITEM DEMO 27 — MEC._ACCESORIOS,TANKAGE,EN FABRICACIÓN,DELTA EQUIPOS S.A.S.,2023-08-26,2022-12-29,Parcial liberado,-179,VERDE
Downstream,Caribe,KAPEXIA DEMO — Refinería Modelo,RC-EPC-912,MEC._ACCESORIOS,027-MR-PI13-0915,48,ITEM DEMO 28 — MEC._ACCESORIOS,VACUUM UNIT,RECIBIDO EN SITIO,GAMMA SUPPLIES INC.,2023-09-14,2023-05-06,No Aceptado,-51,VERDE
Downstream,Caribe,KAPEXIA DEMO — Refinería Modelo,RC-EPC-869,INST._Y_CONTROL,028-MR-IN01-0340,44,ITEM DEMO 29 — INST._Y_CONTROL,UTILITIES,EN TRÁNSITO,BETA INDUSTRIAL LTDA.,2024-01-05,2023-10-28,No requiere inspección,124,VERDE
Downstream,Caribe,KAPEXIA DEMO — Refinería Modelo,RC-EPC-586,MEC._TUBERÍA,029-MR-PI15-0725,50,ITEM DEMO 30 — MEC._TUBERÍA,CRUDE UNIT,OC EMITIDA,DELTA EQUIPOS S.A.S.,2023-02-12,2022-07-10,Rechazado,-351,VERDE
Downstream,Caribe,KAPEXIA DEMO — Refinería Modelo,RC-EPC-493,INST._Y_CONTROL,030-MR-IN01-0606,26,ITEM DEMO 31 — INST._Y_CONTROL,VACUUM UNIT,EN TRÁNSITO,ZETA FITTINGS CORP.,2023-11-21,2023-07-03,Rechazado,7,ROJO
Downstream,Caribe,KAPEXIA DEMO — Refinería Modelo,RC-EPC-324,MEC._TUBERÍA,031-MR-PI15-0280,45,ITEM DEMO 32 — MEC._TUBERÍA,TANKAGE,OC EMITIDA,PROVEEDOR ALPHA S.A.,2023-02-02,2022-07-31,No Aceptado,-330,ROJO
Downstream,Caribe,KAPEXIA DEMO — Refinería Modelo,RC-EPC-920,MEC._VÁLVULAS,032-MR-PI14-0575,43,ITEM DEMO 33 — MEC._VÁLVULAS,TANKAGE,EN PROCESO DE COMPRA,EPSILON VALVES CO.,2023-06-07,2022-12-11,En programación,-197,VERDE
Downstream,Caribe,KAPEXIA DEMO — Refinería Modelo,RC-EPC-836,MEC._ROTATIVA,033-MR-RO01-0616,28,ITEM DEMO 34 — MEC._ROTATIVA,TANKAGE,OC EMITIDA,BETA INDUSTRIAL LTDA.,2024-05-31,2024-05-17,Rechazado,326,VERDE
Downstream,Caribe,KAPEXIA DEMO — Refinería Modelo,RC-EPC-869,MEC._ACCESORIOS,034-MR-PI13-0353,41,ITEM DEMO 35 — MEC._ACCESORIOS,UTILITIES,EN PROCESO DE COMPRA,DELTA EQUIPOS S.A.S.,2024-04-16,2024-04-19,Rechazado,298,VERDE
Downstream,Caribe,KAPEXIA DEMO — Refinería Modelo,RC-EPC-830,MEC._VÁLVULAS,035-MR-PI14-0392,16,ITEM DEMO 36 — MEC._VÁLVULAS,UTILITIES,EN FABRICACIÓN,GAMMA SUPPLIES INC.,2023-06-02,2023-02-22,No Aceptado,-124,VERDE
Downstream,Caribe,KAPEXIA DEMO — Refinería Modelo,RC-EPC-492,INST._Y_CONTROL,036-MR-IN01-0810,10,ITEM DEMO 37 — INST._Y_CONTROL,FLARE SYSTEM,EN TRÁNSITO,PROVEEDOR ALPHA S.A.,2023-03-13,2022-09-24,Parcial liberado,-275,VERDE
Downstream,Caribe,KAPEXIA DEMO — Refinería Modelo,RC-EPC-525,MEC._TUBERÍA,037-MR-PI15-0163,14,ITEM DEMO 38 — MEC._TUBERÍA,OFFSITES,OC EMITIDA,EPSILON VALVES CO.,2023-08-27,2023-06-17,Rechazado,-9,VERDE
Downstream,Caribe,KAPEXIA DEMO — Refinería Modelo,RC-EPC-460,INST._Y_CONTROL,038-MR-IN01-0405,49,ITEM DEMO 39 — INST._Y_CONTROL,OFFSITES,OC EMITIDA,EPSILON VALVES CO.,2023-02-10,2022-12-26,Rechazado,-182,VERDE
Downstream,Caribe,KAPEXIA DEMO — Refinería Modelo,RC-EPC-379,MEC._VÁLVULAS,039-MR-PI14-0546,32,ITEM DEMO 40 — MEC._VÁLVULAS,CRUDE UNIT,OC EMITIDA,GAMMA SUPPLIES INC.,2024-02-11,2023-10-06,Rechazado,102,VERDE
Downstream,Caribe,KAPEXIA DEMO — Refinería Modelo,RC-EPC-960,MEC._TUBERÍA,040-MR-PI15-0578,9,ITEM DEMO 41 — MEC._TUBERÍA,TANKAGE,EN PROCESO DE COMPRA,PROVEEDOR ALPHA S.A.,2024-01-13,2023-12-11,Parcial liberado,168,ROJO
Downstream,Caribe,KAPEXIA DEMO — Refinería Modelo,RC-EPC-538,MEC._ACCESORIOS,041-MR-PI13-0238,30,ITEM DEMO 42 — MEC._ACCESORIOS,VACUUM UNIT,RECIBIDO EN SITIO,GAMMA SUPPLIES INC.,2023-11-30,2023-04-17,Parcial liberado,-70,VERDE
Downstream,Caribe,KAPEXIA DEMO — Refinería Modelo,RC-EPC-445,MEC._ACCESORIOS,042-MR-PI13-0879,25,ITEM DEMO 43 — MEC._ACCESORIOS,UTILITIES,OC EMITIDA,GAMMA SUPPLIES INC.,2023-07-17,2023-03-07,Liberado,-111,VERDE
Downstream,Caribe,KAPEXIA DEMO — Refinería Modelo,RC-EPC-153,MEC._ACCESORIOS,043-MR-PI13-0458,15,ITEM DEMO 44 — MEC._ACCESORIOS,FLARE SYSTEM,RECIBIDO EN SITIO,ZETA FITTINGS CORP.,2023-09-28,2023-02-09,Liberado,-137,ROJO
Downstream,Caribe,KAPEXIA DEMO — Refinería Modelo,RC-EPC-304,MEC._ACCESORIOS,044-MR-PI13-0959,2,ITEM DEMO 45 — MEC._ACCESORIOS,TANKAGE,EN TRÁNSITO,BETA INDUSTRIAL LTDA.,2024-02-21,2023-07-11,No requiere inspección,15,AMARILLO
Downstream,Caribe,KAPEXIA DEMO — Refinería Modelo,RC-EPC-323,MEC._ACCESORIOS,045-MR-PI13-0576,45,ITEM DEMO 46 — MEC._ACCESORIOS,UTILITIES,EN FABRICACIÓN,BETA INDUSTRIAL LTDA.,2023-09-30,2023-04-01,No Aceptado,-86,VERDE
Downstream,Caribe,KAPEXIA DEMO — Refinería Modelo,RC-EPC-267,MEC._ACCESORIOS,046-MR-PI13-0418,7,ITEM DEMO 47 — MEC._ACCESORIOS,TANKAGE,RECIBIDO EN SITIO,GAMMA SUPPLIES INC.,2023-12-07,2023-06-08,No Aceptado,-18,ROJO
Downstream,Caribe,KAPEXIA DEMO — Refinería Modelo,RC-EPC-832,MEC._ACCESORIOS,047-MR-PI13-0303,5,ITEM DEMO 48 — MEC._ACCESORIOS,TANKAGE,EN TRÁNSITO,PROVEEDOR ALPHA S.A.,2024-01-12,2023-11-25,Rechazado,152,VERDE
Downstream,Caribe,KAPEXIA DEMO — Refinería Modelo,RC-EPC-714,MEC._TUBERÍA,048-MR-PI15-0924,8,ITEM DEMO 49 — MEC._TUBERÍA,TANKAGE,RECIBIDO EN SITIO,GAMMA SUPPLIES INC.,2024-03-01,2023-12-06,No Aceptado,163,ROJO
Downstream,Caribe,KAPEXIA DEMO — Refinería Modelo,RC-EPC-763,MEC._ACCESORIOS,049-MR-PI13-0449,1,ITEM DEMO 50 — MEC._ACCESORIOS,OFFSITES,OC EMITIDA,PROVEEDOR ALPHA S.A.,2023-09-07,2023-07-18,Parcial liberado,22,VERDE
Downstream,Caribe,KAPEXIA DEMO — Refinería Modelo,RC-EPC-948,MEC._ACCESORIOS,050-MR-PI13-0570,46,ITEM DEMO 51 — MEC._ACCESORIOS,VACUUM UNIT,OC EMITIDA,BETA INDUSTRIAL LTDA.,2024-06-05,2024-04-11,Rechazado,290,VERDE
Downstream,Caribe,KAPEXIA DEMO — Refinería Modelo,RC-EPC-651,MEC._ACCESORIOS,051-MR-PI13-0893,31,ITEM DEMO 52 — MEC._ACCESORIOS,OFFSITES,OC EMITIDA,ZETA FITTINGS CORP.,2023-10-25,2023-07-15,No Aceptado,19,VERDE
Downstream,Caribe,KAPEXIA DEMO — Refinería Modelo,RC-EPC-950,MEC._ACCESORIOS,052-MR-PI13-0188,18,ITEM DEMO 53 — MEC._ACCESORIOS,OFFSITES,EN TRÁNSITO,DELTA EQUIPOS S.A.S.,2023-06-17,2023-04-03,No Aceptado,-84,ROJO
Downstream,Caribe,KAPEXIA DEMO — Refinería Modelo,RC-EPC-606,ELÉCTRICA,053-MR-EL01-0971,21,ITEM DEMO 54 — ELÉCTRICA,VACUUM UNIT,OC EMITIDA,BETA INDUSTRIAL LTDA.,2023-12-09,2023-10-24,En programación,120,VERDE
Downstream,Caribe,KAPEXIA DEMO — Refinería Modelo,RC-EPC-710,MEC._TUBERÍA,054-MR-PI15-0818,18,ITEM DEMO 55 — MEC._TUBERÍA,TANKAGE,RECIBIDO EN SITIO,EPSILON VALVES CO.,2024-03-14,2023-11-27,No requiere inspección,154,VERDE
Downstream,Caribe,KAPEXIA DEMO — Refinería Modelo,RC-EPC-600,MEC._TUBERÍA,055-MR-PI15-0668,49,ITEM DEMO 56 — MEC._TUBERÍA,VACUUM UNIT,OC EMITIDA,ZETA FITTINGS CORP.,2023-03-15,2022-11-18,Rechazado,-220,ROJO
Downstream,Caribe,KAPEXIA DEMO — Refinería Modelo,RC-EPC-195,MEC._ACCESORIOS,056-MR-PI13-0401,15,ITEM DEMO 57 — MEC._ACCESORIOS,OFFSITES,EN TRÁNSITO,GAMMA SUPPLIES INC.,2023-10-09,2023-09-28,Rechazado,94,ROJO
Downstream,Caribe,KAPEXIA DEMO — Refinería Modelo,RC-EPC-643,MEC._TUBERÍA,057-MR-PI15-0452,28,ITEM DEMO 58 — MEC._TUBERÍA,FLARE SYSTEM,EN PROCESO DE COMPRA,GAMMA SUPPLIES INC.,2023-11-24,2023-10-03,En programación,99,VERDE
Downstream,Caribe,KAPEXIA DEMO — Refinería Modelo,RC-EPC-357,MEC._ACCESORIOS,058-MR-PI13-0336,8,ITEM DEMO 59 — MEC._ACCESORIOS,FLARE SYSTEM,EN TRÁNSITO,GAMMA SUPPLIES INC.,2024-01-25,2024-01-17,Liberado,205,VERDE
Downstream,Caribe,KAPEXIA DEMO — Refinería Modelo,RC-EPC-856,MEC._ACCESORIOS,059-MR-PI13-0595,18,ITEM DEMO 60 — MEC._ACCESORIOS,FLARE SYSTEM,EN PROCESO DE COMPRA,EPSILON VALVES CO.,2024-02-15,2023-09-22,No Aceptado,88,VERDE
Downstream,Caribe,KAPEXIA DEMO — Refinería Modelo,RC-EPC-403,SEG._Y_SCI,060-MR-SC01-0332,24,ITEM DEMO 61 — SEG._Y_SCI,VACUUM UNIT,EN FABRICACIÓN,PROVEEDOR ALPHA S.A.,2023-06-24,2022-12-17,Rechazado,-191,ROJO
Downstream,Caribe,KAPEXIA DEMO — Refinería Modelo,RC-EPC-155,MEC._TUBERÍA,061-MR-PI15-0666,19,ITEM DEMO 62 — MEC._TUBERÍA,FLARE SYSTEM,EN TRÁNSITO,ZETA FITTINGS CORP.,2023-10-31,2023-05-08,Parcial liberado,-49,VERDE
Downstream,Caribe,KAPEXIA DEMO — Refinería Modelo,RC-EPC-580,MEC._VÁLVULAS,062-MR-PI14-0590,29,ITEM DEMO 63 — MEC._VÁLVULAS,UTILITIES,EN TRÁNSITO,PROVEEDOR ALPHA S.A.,2023-03-24,2022-08-02,En programación,-328,VERDE
Downstream,Caribe,KAPEXIA DEMO — Refinería Modelo,RC-EPC-166,MEC._TUBERÍA,063-MR-PI15-0510,32,ITEM DEMO 64 — MEC._TUBERÍA,CRUDE UNIT,EN PROCESO DE COMPRA,ZETA FITTINGS CORP.,2024-05-26,2024-05-30,Rechazado,339,VERDE
Downstream,Caribe,KAPEXIA DEMO — Refinería Modelo,RC-EPC-676,INST._Y_CONTROL,064-MR-IN01-0411,6,ITEM DEMO 65 — INST._Y_CONTROL,VACUUM UNIT,RECIBIDO EN SITIO,EPSILON VALVES CO.,2023-02-27,2022-09-17,Parcial liberado,-282,VERDE
Downstream,Caribe,KAPEXIA DEMO — Refinería Modelo,RC-EPC-489,INST._Y_CONTROL,065-MR-IN01-0561,29,ITEM DEMO 66 — INST._Y_CONTROL,UTILITIES,EN PROCESO DE COMPRA,DELTA EQUIPOS S.A.S.,2023-12-07,2023-08-04,En programación,39,ROJO
Downstream,Caribe,KAPEXIA DEMO — Refinería Modelo,RC-EPC-857,MEC._ACCESORIOS,066-MR-PI13-0201,49,ITEM DEMO 67 — MEC._ACCESORIOS,VACUUM UNIT,EN TRÁNSITO,GAMMA SUPPLIES INC.,2023-11-18,2023-04-22,Rechazado,-65,VERDE
Downstream,Caribe,KAPEXIA DEMO — Refinería Modelo,RC-EPC-665,MEC._ACCESORIOS,067-MR-PI13-0176,11,ITEM DEMO 68 — MEC._ACCESORIOS,CRUDE UNIT,OC EMITIDA,DELTA EQUIPOS S.A.S.,2023-03-13,2022-10-04,Rechazado,-265,VERDE
Downstream,Caribe,KAPEXIA DEMO — Refinería Modelo,RC-EPC-337,MEC._ACCESORIOS,068-MR-PI13-0395,46,ITEM DEMO 69 — MEC._ACCESORIOS,UTILITIES,OC EMITIDA,PROVEEDOR ALPHA S.A.,2023-12-01,2023-12-01,Rechazado,158,VERDE
Downstream,Caribe,KAPEXIA DEMO — Refinería Modelo,RC-EPC-740,MEC._ACCESORIOS,069-MR-PI13-0703,43,ITEM DEMO 70 — MEC._ACCESORIOS,VACUUM UNIT,OC EMITIDA,PROVEEDOR ALPHA S.A.,2023-05-30,2023-02-14,No Aceptado,-132,ROJO
Downstream,Caribe,KAPEXIA DEMO — Refinería Modelo,RC-EPC-946,MEC._ACCESORIOS,070-MR-PI13-0245,5,ITEM DEMO 71 — MEC._ACCESORIOS,CRUDE UNIT,EN TRÁNSITO,GAMMA SUPPLIES INC.,2023-05-26,2022-12-13,No Aceptado,-195,AMARILLO
Downstream,Caribe,KAPEXIA DEMO — Refinería Modelo,RC-EPC-579,ELÉCTRICA,071-MR-EL01-0805,20,ITEM DEMO 72 — ELÉCTRICA,FLARE SYSTEM,OC EMITIDA,GAMMA SUPPLIES INC.,2024-02-18,2023-11-17,No Aceptado,144,VERDE
Downstream,Caribe,KAPEXIA DEMO — Refinería Modelo,RC-EPC-712,MEC._ESTÁTICA,072-MR-ME01-0140,28,ITEM DEMO 73 — MEC._ESTÁTICA,FLARE SYSTEM,EN FABRICACIÓN,EPSILON VALVES CO.,2023-11-03,2023-11-15,En programación,142,VERDE
Downstream,Caribe,KAPEXIA DEMO — Refinería Modelo,RC-EPC-790,MEC._ACCESORIOS,073-MR-PI13-0956,37,ITEM DEMO 74 — MEC._ACCESORIOS,TANKAGE,RECIBIDO EN SITIO,ZETA FITTINGS CORP.,2023-02-13,2022-08-03,En programación,-327,VERDE
Downstream,Caribe,KAPEXIA DEMO — Refinería Modelo,RC-EPC-279,MEC._TUBERÍA,074-MR-PI15-0581,34,ITEM DEMO 75 — MEC._TUBERÍA,FLARE SYSTEM,OC EMITIDA,GAMMA SUPPLIES INC.,2023-11-22,2023-04-16,No requiere inspección,-71,ROJO
Downstream,Caribe,KAPEXIA DEMO — Refinería Modelo,RC-EPC-603,MEC._ACCESORIOS,075-MR-PI13-0193,31,ITEM DEMO 76 — MEC._ACCESORIOS,UTILITIES,OC EMITIDA,GAMMA SUPPLIES INC.,2024-06-24,2024-06-07,En programación,347,VERDE
Downstream,Caribe,KAPEXIA DEMO — Refinería Modelo,RC-EPC-437,MEC._ESTÁTICA,076-MR-ME01-0521,45,ITEM DEMO 77 — MEC._ESTÁTICA,OFFSITES,EN FABRICACIÓN,ZETA FITTINGS CORP.,2024-01-09,2023-07-06,Parcial liberado,10,ROJO
Downstream,Caribe,KAPEXIA DEMO — Refinería Modelo,RC-EPC-422,MEC._VÁLVULAS,077-MR-PI14-0358,21,ITEM DEMO 78 — MEC._VÁLVULAS,CRUDE UNIT,OC EMITIDA,EPSILON VALVES CO.,2024-03-22,2023-08-13,Liberado,48,VERDE
Downstream,Caribe,KAPEXIA DEMO — Refinería Modelo,RC-EPC-292,MEC._ACCESORIOS,078-MR-PI13-0630,24,ITEM DEMO 79 — MEC._ACCESORIOS,TANKAGE,OC EMITIDA,ZETA FITTINGS CORP.,2024-01-02,2023-12-29,Parcial liberado,186,VERDE
Downstream,Caribe,KAPEXIA DEMO — Refinería Modelo,RC-EPC-662,MEC._ACCESORIOS,079-MR-PI13-0234,19,ITEM DEMO 80 — MEC._ACCESORIOS,OFFSITES,OC EMITIDA,PROVEEDOR ALPHA S.A.,2024-02-24,2023-07-25,Liberado,29,VERDE
Downstream,Caribe,KAPEXIA DEMO — Refinería Modelo,RC-EPC-418,MEC._VÁLVULAS,080-MR-PI14-0664,1,ITEM DEMO 81 — MEC._VÁLVULAS,TANKAGE,OC EMITIDA,PROVEEDOR ALPHA S.A.,2024-06-12,2024-02-15,No requiere inspección,234,ROJO
Downstream,Caribe,KAPEXIA DEMO — Refinería Modelo,RC-EPC-220,MEC._ACCESORIOS,081-MR-PI13-0763,10,ITEM DEMO 82 — MEC._ACCESORIOS,OFFSITES,EN FABRICACIÓN,EPSILON VALVES CO.,2024-06-22,2023-12-23,Rechazado,180,VERDE
Downstream,Caribe,KAPEXIA DEMO — Refinería Modelo,RC-EPC-583,MEC._VÁLVULAS,082-MR-PI14-0349,30,ITEM DEMO 83 — MEC._VÁLVULAS,TANKAGE,EN TRÁNSITO,DELTA EQUIPOS S.A.S.,2023-06-19,2023-05-22,No requiere inspección,-35,ROJO
Downstream,Caribe,KAPEXIA DEMO — Refinería Modelo,RC-EPC-239,MEC._ESTÁTICA,083-MR-ME01-0984,5,ITEM DEMO 84 — MEC._ESTÁTICA,UTILITIES,OC EMITIDA,GAMMA SUPPLIES INC.,2024-05-16,2024-06-05,No Aceptado,345,ROJO
Downstream,Caribe,KAPEXIA DEMO — Refinería Modelo,RC-EPC-405,MEC._ACCESORIOS,084-MR-PI13-0957,38,ITEM DEMO 85 — MEC._ACCESORIOS,TANKAGE,OC EMITIDA,BETA INDUSTRIAL LTDA.,2023-06-16,2022-10-20,Parcial liberado,-249,VERDE
Downstream,Caribe,KAPEXIA DEMO — Refinería Modelo,RC-EPC-665,MEC._ACCESORIOS,085-MR-PI13-0881,35,ITEM DEMO 86 — MEC._ACCESORIOS,OFFSITES,OC EMITIDA,GAMMA SUPPLIES INC.,2023-11-02,2023-11-09,No requiere inspección,136,VERDE
Downstream,Caribe,KAPEXIA DEMO — Refinería Modelo,RC-EPC-339,SEG._Y_SCI,086-MR-SC01-0976,50,ITEM DEMO 87 — SEG._Y_SCI,OFFSITES,RECIBIDO EN SITIO,GAMMA SUPPLIES INC.,2024-06-16,2024-02-19,Rechazado,238,VERDE
Downstream,Caribe,KAPEXIA DEMO — Refinería Modelo,RC-EPC-779,MEC._VÁLVULAS,087-MR-PI14-0911,42,ITEM DEMO 88 — MEC._VÁLVULAS,VACUUM UNIT,OC EMITIDA,PROVEEDOR ALPHA S.A.,2023-09-30,2023-08-16,No requiere inspección,51,VERDE
Downstream,Caribe,KAPEXIA DEMO — Refinería Modelo,RC-EPC-995,MEC._ACCESORIOS,088-MR-PI13-0965,29,ITEM DEMO 89 — MEC._ACCESORIOS,CRUDE UNIT,EN PROCESO DE COMPRA,DELTA EQUIPOS S.A.S.,2023-10-15,2023-08-05,Liberado,40,ROJO
Downstream,Caribe,KAPEXIA DEMO — Refinería Modelo,RC-EPC-770,MEC._ACCESORIOS,089-MR-PI13-0258,5,ITEM DEMO 90 — MEC._ACCESORIOS,OFFSITES,EN FABRICACIÓN,GAMMA SUPPLIES INC.,2024-02-04,2023-08-21,No Aceptado,56,VERDE
Downstream,Caribe,KAPEXIA DEMO — Refinería Modelo,RC-EPC-972,MEC._ACCESORIOS,090-MR-PI13-0436,44,ITEM DEMO 91 — MEC._ACCESORIOS,TANKAGE,OC EMITIDA,GAMMA SUPPLIES INC.,2024-01-20,2023-12-14,Rechazado,171,VERDE
Downstream,Caribe,KAPEXIA DEMO — Refinería Modelo,RC-EPC-136,MEC._TUBERÍA,091-MR-PI15-0732,5,ITEM DEMO 92 — MEC._TUBERÍA,VACUUM UNIT,EN FABRICACIÓN,BETA INDUSTRIAL LTDA.,2024-02-02,2024-02-11,Rechazado,230,ROJO
Downstream,Caribe,KAPEXIA DEMO — Refinería Modelo,RC-EPC-878,INST._Y_CONTROL,092-MR-IN01-0748,46,ITEM DEMO 93 — INST._Y_CONTROL,CRUDE UNIT,OC EMITIDA,BETA INDUSTRIAL LTDA.,2023-03-18,2023-02-28,Rechazado,-118,AMARILLO
Downstream,Caribe,KAPEXIA DEMO — Refinería Modelo,RC-EPC-915,MEC._VÁLVULAS,093-MR-PI14-0157,19,ITEM DEMO 94 — MEC._VÁLVULAS,UTILITIES,EN FABRICACIÓN,DELTA EQUIPOS S.A.S.,2023-07-03,2022-11-19,No requiere inspección,-219,VERDE
Downstream,Caribe,KAPEXIA DEMO — Refinería Modelo,RC-EPC-911,MEC._ACCESORIOS,094-MR-PI13-0284,11,ITEM DEMO 95 — MEC._ACCESORIOS,VACUUM UNIT,RECIBIDO EN SITIO,EPSILON VALVES CO.,2023-06-05,2023-05-06,Parcial liberado,-51,VERDE
Downstream,Caribe,KAPEXIA DEMO — Refinería Modelo,RC-EPC-697,MEC._ACCESORIOS,095-MR-PI13-0246,15,ITEM DEMO 96 — MEC._ACCESORIOS,OFFSITES,EN FABRICACIÓN,DELTA EQUIPOS S.A.S.,2023-12-14,2023-08-19,En programación,54,VERDE
Downstream,Caribe,KAPEXIA DEMO — Refinería Modelo,RC-EPC-576,SEG._Y_SCI,096-MR-SC01-0394,44,ITEM DEMO 97 — SEG._Y_SCI,TANKAGE,EN TRÁNSITO,PROVEEDOR ALPHA S.A.,2024-01-07,2023-05-16,Parcial liberado,-41,ROJO
Downstream,Caribe,KAPEXIA DEMO — Refinería Modelo,RC-EPC-406,MEC._VÁLVULAS,097-MR-PI14-0754,28,ITEM DEMO 98 — MEC._VÁLVULAS,FLARE SYSTEM,EN FABRICACIÓN,DELTA EQUIPOS S.A.S.,2024-05-28,2024-03-25,En programación,273,AMARILLO
Downstream,Caribe,KAPEXIA DEMO — Refinería Modelo,RC-EPC-209,MEC._ROTATIVA,098-MR-RO01-0342,25,ITEM DEMO 99 — MEC._ROTATIVA,TANKAGE,EN FABRICACIÓN,EPSILON VALVES CO.,2023-05-12,2023-03-29,En programación,-89,ROJO
Downstream,Caribe,KAPEXIA DEMO — Refinería Modelo,RC-EPC-949,INST._Y_CONTROL,099-MR-IN01-0774,26,ITEM DEMO 100 — INST._Y_CONTROL,UTILITIES,RECIBIDO EN SITIO,EPSILON VALVES CO.,2024-06-22,2024-03-25,Rechazado,273,VERDE
Downstream,Caribe,KAPEXIA DEMO — Refinería Modelo,RC-EPC-863,MEC._ACCESORIOS,100-MR-PI13-0608,19,ITEM DEMO 101 — MEC._ACCESORIOS,VACUUM UNIT,EN PROCESO DE COMPRA,GAMMA SUPPLIES INC.,2024-03-04,2023-08-02,No requiere inspección,37,AMARILLO
Downstream,Caribe,KAPEXIA DEMO — Refinería Modelo,RC-EPC-794,MEC._TUBERÍA,101-MR-PI15-0873,47,ITEM DEMO 102 — MEC._TUBERÍA,FLARE SYSTEM,EN TRÁNSITO,ZETA FITTINGS CORP.,2023-12-22,2023-08-01,Liberado,36,VERDE
Downstream,Caribe,KAPEXIA DEMO — Refinería Modelo,RC-EPC-551,MEC._TUBERÍA,102-MR-PI15-0134,38,ITEM DEMO 103 — MEC._TUBERÍA,UTILITIES,EN TRÁNSITO,PROVEEDOR ALPHA S.A.,2024-05-07,2023-09-30,En programación,96,VERDE
Downstream,Caribe,KAPEXIA DEMO — Refinería Modelo,RC-EPC-235,MEC._VÁLVULAS,103-MR-PI14-0905,35,ITEM DEMO 104 — MEC._VÁLVULAS,UTILITIES,EN PROCESO DE COMPRA,EPSILON VALVES CO.,2023-07-17,2023-06-19,En programación,-7,VERDE
Downstream,Caribe,KAPEXIA DEMO — Refinería Modelo,RC-EPC-944,MEC._ACCESORIOS,104-MR-PI13-0593,19,ITEM DEMO 105 — MEC._ACCESORIOS,FLARE SYSTEM,EN FABRICACIÓN,PROVEEDOR ALPHA S.A.,2024-03-31,2023-10-27,Parcial liberado,123,VERDE
Downstream,Caribe,KAPEXIA DEMO — Refinería Modelo,RC-EPC-331,MEC._TUBERÍA,105-MR-PI15-0980,44,ITEM DEMO 106 — MEC._TUBERÍA,FLARE SYSTEM,OC EMITIDA,EPSILON VALVES CO.,2024-06-07,2023-11-18,En programación,145,VERDE
Downstream,Caribe,KAPEXIA DEMO — Refinería Modelo,RC-EPC-649,MEC._ACCESORIOS,106-MR-PI13-0226,30,ITEM DEMO 107 — MEC._ACCESORIOS,UTILITIES,EN FABRICACIÓN,EPSILON VALVES CO.,2023-03-18,2023-02-08,Parcial liberado,-138,VERDE
Downstream,Caribe,KAPEXIA DEMO — Refinería Modelo,RC-EPC-339,MEC._VÁLVULAS,107-MR-PI14-0582,2,ITEM DEMO 108 — MEC._VÁLVULAS,TANKAGE,EN PROCESO DE COMPRA,GAMMA SUPPLIES INC.,2024-03-27,2024-02-06,No Aceptado,225,VERDE
Downstream,Caribe,KAPEXIA DEMO — Refinería Modelo,RC-EPC-575,MEC._VÁLVULAS,108-MR-PI14-0817,20,ITEM DEMO 109 — MEC._VÁLVULAS,FLARE SYSTEM,OC EMITIDA,PROVEEDOR ALPHA S.A.,2023-05-24,2022-10-28,No requiere inspección,-241,VERDE
Downstream,Caribe,KAPEXIA DEMO — Refinería Modelo,RC-EPC-604,ELÉCTRICA,109-MR-EL01-0218,7,ITEM DEMO 110 — ELÉCTRICA,VACUUM UNIT,EN PROCESO DE COMPRA,BETA INDUSTRIAL LTDA.,2023-02-23,2022-07-17,Parcial liberado,-344,VERDE
Downstream,Caribe,KAPEXIA DEMO — Refinería Modelo,RC-EPC-860,MEC._ESTÁTICA,110-MR-ME01-0813,35,ITEM DEMO 111 — MEC._ESTÁTICA,OFFSITES,EN PROCESO DE COMPRA,ZETA FITTINGS CORP.,2023-09-20,2023-07-31,Rechazado,35,ROJO
Downstream,Caribe,KAPEXIA DEMO — Refinería Modelo,RC-EPC-953,MEC._ACCESORIOS,111-MR-PI13-0601,40,ITEM DEMO 112 — MEC._ACCESORIOS,OFFSITES,EN FABRICACIÓN,PROVEEDOR ALPHA S.A.,2023-04-20,2023-03-23,Rechazado,-95,ROJO
Downstream,Caribe,KAPEXIA DEMO — Refinería Modelo,RC-EPC-341,MEC._VÁLVULAS,112-MR-PI14-0975,24,ITEM DEMO 113 — MEC._VÁLVULAS,CRUDE UNIT,EN FABRICACIÓN,EPSILON VALVES CO.,2023-08-08,2023-04-01,Rechazado,-86,VERDE
Downstream,Caribe,KAPEXIA DEMO — Refinería Modelo,RC-EPC-294,MEC._ACCESORIOS,113-MR-PI13-0225,30,ITEM DEMO 114 — MEC._ACCESORIOS,CRUDE UNIT,EN TRÁNSITO,ZETA FITTINGS CORP.,2023-08-02,2023-01-05,Rechazado,-172,VERDE
Downstream,Caribe,KAPEXIA DEMO — Refinería Modelo,RC-EPC-441,MEC._ESTÁTICA,114-MR-ME01-0349,9,ITEM DEMO 115 — MEC._ESTÁTICA,TANKAGE,EN TRÁNSITO,PROVEEDOR ALPHA S.A.,2023-12-02,2023-04-16,No Aceptado,-71,VERDE
Downstream,Caribe,KAPEXIA DEMO — Refinería Modelo,RC-EPC-338,MEC._ESTÁTICA,115-MR-ME01-0436,50,ITEM DEMO 116 — MEC._ESTÁTICA,VACUUM UNIT,EN PROCESO DE COMPRA,PROVEEDOR ALPHA S.A.,2023-05-17,2023-01-07,En programación,-170,ROJO
Downstream,Caribe,KAPEXIA DEMO — Refinería Modelo,RC-EPC-653,MEC._ACCESORIOS,116-MR-PI13-0356,12,ITEM DEMO 117 — MEC._ACCESORIOS,CRUDE UNIT,RECIBIDO EN SITIO,BETA INDUSTRIAL LTDA.,2024-04-14,2023-10-31,Liberado,127,AMARILLO
Downstream,Caribe,KAPEXIA DEMO — Refinería Modelo,RC-EPC-116,MEC._TUBERÍA,117-MR-PI15-0278,17,ITEM DEMO 118 — MEC._TUBERÍA,CRUDE UNIT,EN TRÁNSITO,ZETA FITTINGS CORP.,2023-08-02,2023-04-05,Parcial liberado,-82,VERDE
Downstream,Caribe,KAPEXIA DEMO — Refinería Modelo,RC-EPC-587,MEC._TUBERÍA,118-MR-PI15-0559,50,ITEM DEMO 119 — MEC._TUBERÍA,UTILITIES,EN PROCESO DE COMPRA,EPSILON VALVES CO.,2023-10-27,2023-04-28,Liberado,-59,ROJO
Downstream,Caribe,KAPEXIA DEMO — Refinería Modelo,RC-EPC-729,MEC._ACCESORIOS,119-MR-PI13-0144,47,ITEM DEMO 120 — MEC._ACCESORIOS,FLARE SYSTEM,EN PROCESO DE COMPRA,GAMMA SUPPLIES INC.,2023-09-19,2023-10-06,Parcial liberado,102,VERDE
Downstream,Caribe,KAPEXIA DEMO — Refinería Modelo,RC-EPC-590,INST._Y_CONTROL,120-MR-IN01-0967,26,ITEM DEMO 121 — INST._Y_CONTROL,OFFSITES,RECIBIDO EN SITIO,DELTA EQUIPOS S.A.S.,2023-12-26,2023-05-15,Rechazado,-42,VERDE
Downstream,Caribe,KAPEXIA DEMO — Refinería Modelo,RC-EPC-182,MEC._VÁLVULAS,121-MR-PI14-0429,39,ITEM DEMO 122 — MEC._VÁLVULAS,VACUUM UNIT,RECIBIDO EN SITIO,BETA INDUSTRIAL LTDA.,2024-05-10,2024-04-27,En programación,306,VERDE
Downstream,Caribe,KAPEXIA DEMO — Refinería Modelo,RC-EPC-711,INST._Y_CONTROL,122-MR-IN01-0643,19,ITEM DEMO 123 — INST._Y_CONTROL,OFFSITES,EN PROCESO DE COMPRA,EPSILON VALVES CO.,2023-12-16,2023-10-03,Parcial liberado,99,VERDE
Downstream,Caribe,KAPEXIA DEMO — Refinería Modelo,RC-EPC-766,MEC._VÁLVULAS,123-MR-PI14-0998,50,ITEM DEMO 124 — MEC._VÁLVULAS,TANKAGE,EN TRÁNSITO,DELTA EQUIPOS S.A.S.,2023-03-22,2022-09-21,Parcial liberado,-278,ROJO
Downstream,Caribe,KAPEXIA DEMO — Refinería Modelo,RC-EPC-947,MEC._ACCESORIOS,124-MR-PI13-0564,26,ITEM DEMO 125 — MEC._ACCESORIOS,OFFSITES,RECIBIDO EN SITIO,GAMMA SUPPLIES INC.,2024-04-29,2023-12-27,Parcial liberado,184,VERDE
Downstream,Caribe,KAPEXIA DEMO — Refinería Modelo,RC-EPC-256,MEC._ACCESORIOS,125-MR-PI13-0803,31,ITEM DEMO 126 — MEC._ACCESORIOS,CRUDE UNIT,RECIBIDO EN SITIO,PROVEEDOR ALPHA S.A.,2023-07-10,2023-03-22,Liberado,-96,VERDE
Downstream,Caribe,KAPEXIA DEMO — Refinería Modelo,RC-EPC-481,MEC._ACCESORIOS,126-MR-PI13-0931,9,ITEM DEMO 127 — MEC._ACCESORIOS,TANKAGE,RECIBIDO EN SITIO,EPSILON VALVES CO.,2023-09-09,2023-03-02,No Aceptado,-116,ROJO
Downstream,Caribe,KAPEXIA DEMO — Refinería Modelo,RC-EPC-520,ELÉCTRICA,127-MR-EL01-0462,43,ITEM DEMO 128 — ELÉCTRICA,OFFSITES,RECIBIDO EN SITIO,GAMMA SUPPLIES INC.,2023-11-14,2023-09-03,No Aceptado,69,ROJO
Downstream,Caribe,KAPEXIA DEMO — Refinería Modelo,RC-EPC-619,MEC._ESTÁTICA,128-MR-ME01-0317,10,ITEM DEMO 129 — MEC._ESTÁTICA,FLARE SYSTEM,OC EMITIDA,BETA INDUSTRIAL LTDA.,2023-07-09,2023-05-10,Liberado,-47,VERDE
Downstream,Caribe,KAPEXIA DEMO — Refinería Modelo,RC-EPC-385,INST._Y_CONTROL,129-MR-IN01-0687,15,ITEM DEMO 130 — INST._Y_CONTROL,OFFSITES,EN PROCESO DE COMPRA,EPSILON VALVES CO.,2023-07-29,2023-06-07,No Aceptado,-19,VERDE
Downstream,Caribe,KAPEXIA DEMO — Refinería Modelo,RC-EPC-773,MEC._ACCESORIOS,130-MR-PI13-0949,45,ITEM DEMO 131 — MEC._ACCESORIOS,UTILITIES,RECIBIDO EN SITIO,BETA INDUSTRIAL LTDA.,2024-01-11,2023-05-29,En programación,-28,VERDE
Downstream,Caribe,KAPEXIA DEMO — Refinería Modelo,RC-EPC-459,MEC._ACCESORIOS,131-MR-PI13-0106,12,ITEM DEMO 132 — MEC._ACCESORIOS,VACUUM UNIT,EN PROCESO DE COMPRA,ZETA FITTINGS CORP.,2024-01-25,2023-11-04,Parcial liberado,131,AMARILLO
Downstream,Caribe,KAPEXIA DEMO — Refinería Modelo,RC-EPC-131,MEC._ESTÁTICA,132-MR-ME01-0193,48,ITEM DEMO 133 — MEC._ESTÁTICA,TANKAGE,EN TRÁNSITO,DELTA EQUIPOS S.A.S.,2023-03-07,2022-09-20,Parcial liberado,-279,ROJO
Downstream,Caribe,KAPEXIA DEMO — Refinería Modelo,RC-EPC-419,ELÉCTRICA,133-MR-EL01-0838,21,ITEM DEMO 134 — ELÉCTRICA,TANKAGE,EN PROCESO DE COMPRA,PROVEEDOR ALPHA S.A.,2023-09-20,2023-07-16,Liberado,20,VERDE
Downstream,Caribe,KAPEXIA DEMO — Refinería Modelo,RC-EPC-150,MEC._ACCESORIOS,134-MR-PI13-0790,6,ITEM DEMO 135 — MEC._ACCESORIOS,UTILITIES,OC EMITIDA,ZETA FITTINGS CORP.,2023-04-20,2022-11-11,Parcial liberado,-227,ROJO
Downstream,Caribe,KAPEXIA DEMO — Refinería Modelo,RC-EPC-320,MEC._VÁLVULAS,135-MR-PI14-0873,33,ITEM DEMO 136 — MEC._VÁLVULAS,CRUDE UNIT,EN FABRICACIÓN,DELTA EQUIPOS S.A.S.,2023-10-06,2023-09-22,Liberado,88,VERDE
Downstream,Caribe,KAPEXIA DEMO — Refinería Modelo,RC-EPC-415,MEC._ACCESORIOS,136-MR-PI13-0146,15,ITEM DEMO 137 — MEC._ACCESORIOS,OFFSITES,EN PROCESO DE COMPRA,PROVEEDOR ALPHA S.A.,2023-06-25,2023-07-04,Liberado,8,VERDE
Downstream,Caribe,KAPEXIA DEMO — Refinería Modelo,RC-EPC-885,INST._Y_CONTROL,137-MR-IN01-0240,49,ITEM DEMO 138 — INST._Y_CONTROL,UTILITIES,EN FABRICACIÓN,GAMMA SUPPLIES INC.,2023-05-15,2023-02-18,Liberado,-128,AMARILLO
Downstream,Caribe,KAPEXIA DEMO — Refinería Modelo,RC-EPC-279,INST._Y_CONTROL,138-MR-IN01-0232,25,ITEM DEMO 139 — INST._Y_CONTROL,TANKAGE,EN TRÁNSITO,EPSILON VALVES CO.,2023-02-03,2023-02-17,No Aceptado,-129,ROJO
Downstream,Caribe,KAPEXIA DEMO — Refinería Modelo,RC-EPC-982,MEC._ACCESORIOS,139-MR-PI13-0859,3,ITEM DEMO 140 — MEC._ACCESORIOS,OFFSITES,RECIBIDO EN SITIO,DELTA EQUIPOS S.A.S.,2024-04-01,2024-02-02,Liberado,221,VERDE
Downstream,Caribe,KAPEXIA DEMO — Refinería Modelo,RC-EPC-687,MEC._VÁLVULAS,140-MR-PI14-0514,46,ITEM DEMO 141 — MEC._VÁLVULAS,FLARE SYSTEM,OC EMITIDA,GAMMA SUPPLIES INC.,2024-04-16,2024-01-27,Liberado,215,VERDE
Downstream,Caribe,KAPEXIA DEMO — Refinería Modelo,RC-EPC-275,MEC._VÁLVULAS,141-MR-PI14-0920,40,ITEM DEMO 142 — MEC._VÁLVULAS,OFFSITES,EN FABRICACIÓN,PROVEEDOR ALPHA S.A.,2023-08-26,2023-01-08,Parcial liberado,-169,AMARILLO
Downstream,Caribe,KAPEXIA DEMO — Refinería Modelo,RC-EPC-703,MEC._ACCESORIOS,142-MR-PI13-0510,34,ITEM DEMO 143 — MEC._ACCESORIOS,CRUDE UNIT,OC EMITIDA,GAMMA SUPPLIES INC.,2024-04-07,2023-10-04,Rechazado,100,VERDE
Downstream,Caribe,KAPEXIA DEMO — Refinería Modelo,RC-EPC-272,MEC._ESTÁTICA,143-MR-ME01-0178,33,ITEM DEMO 144 — MEC._ESTÁTICA,FLARE SYSTEM,RECIBIDO EN SITIO,EPSILON VALVES CO.,2023-07-23,2023-03-18,No Aceptado,-100,VERDE
Downstream,Caribe,KAPEXIA DEMO — Refinería Modelo,RC-EPC-938,MEC._VÁLVULAS,144-MR-PI14-0760,10,ITEM DEMO 145 — MEC._VÁLVULAS,VACUUM UNIT,RECIBIDO EN SITIO,BETA INDUSTRIAL LTDA.,2023-05-10,2023-03-09,En programación,-109,VERDE
Downstream,Caribe,KAPEXIA DEMO — Refinería Modelo,RC-EPC-878,MEC._ACCESORIOS,145-MR-PI13-0877,42,ITEM DEMO 146 — MEC._ACCESORIOS,CRUDE UNIT,EN TRÁNSITO,ZETA FITTINGS CORP.,2023-05-12,2022-12-11,Parcial liberado,-197,VERDE
Downstream,Caribe,KAPEXIA DEMO — Refinería Modelo,RC-EPC-678,MEC._VÁLVULAS,146-MR-PI14-0758,41,ITEM DEMO 147 — MEC._VÁLVULAS,TANKAGE,EN FABRICACIÓN,ZETA FITTINGS CORP.,2023-09-25,2023-09-14,En programación,80,ROJO
Downstream,Caribe,KAPEXIA DEMO — Refinería Modelo,RC-EPC-552,MEC._TUBERÍA,147-MR-PI15-0746,20,ITEM DEMO 148 — MEC._TUBERÍA,UTILITIES,EN PROCESO DE COMPRA,PROVEEDOR ALPHA S.A.,2023-04-18,2023-04-03,En programación,-84,VERDE
Downstream,Caribe,KAPEXIA DEMO — Refinería Modelo,RC-EPC-562,MEC._ACCESORIOS,148-MR-PI13-0138,4,ITEM DEMO 149 — MEC._ACCESORIOS,UTILITIES,EN FABRICACIÓN,PROVEEDOR ALPHA S.A.,2023-10-17,2023-03-28,Rechazado,-90,VERDE
Downstream,Caribe,KAPEXIA DEMO — Refinería Modelo,RC-EPC-619,MEC._ACCESORIOS,149-MR-PI13-0493,30,ITEM DEMO 150 — MEC._ACCESORIOS,TANKAGE,EN PROCESO DE COMPRA,ZETA FITTINGS CORP.,2024-04-17,2023-10-06,Liberado,102,VERDE
Downstream,Caribe,KAPEXIA DEMO — Refinería Modelo,RC-EPC-587,SEG._Y_SCI,150-MR-SC01-0613,10,ITEM DEMO 151 — SEG._Y_SCI,CRUDE UNIT,OC EMITIDA,PROVEEDOR ALPHA S.A.,2023-09-18,2023-04-27,En programación,-60,VERDE
Downstream,Caribe,KAPEXIA DEMO — Refinería Modelo,RC-EPC-276,MEC._TUBERÍA,151-MR-PI15-0140,16,ITEM DEMO 152 — MEC._TUBERÍA,FLARE SYSTEM,OC EMITIDA,DELTA EQUIPOS S.A.S.,2024-06-16,2023-12-02,No Aceptado,159,VERDE
Downstream,Caribe,KAPEXIA DEMO — Refinería Modelo,RC-EPC-389,MEC._VÁLVULAS,152-MR-PI14-0496,27,ITEM DEMO 153 — MEC._VÁLVULAS,UTILITIES,EN PROCESO DE COMPRA,PROVEEDOR ALPHA S.A.,2023-10-25,2023-05-19,Rechazado,-38,VERDE
Downstream,Caribe,KAPEXIA DEMO — Refinería Modelo,RC-EPC-196,MEC._VÁLVULAS,153-MR-PI14-0671,44,ITEM DEMO 154 — MEC._VÁLVULAS,OFFSITES,EN FABRICACIÓN,GAMMA SUPPLIES INC.,2023-12-28,2023-10-20,Rechazado,116,VERDE
Downstream,Caribe,KAPEXIA DEMO — Refinería Modelo,RC-EPC-696,MEC._ACCESORIOS,154-MR-PI13-0779,10,ITEM DEMO 155 — MEC._ACCESORIOS,UTILITIES,EN FABRICACIÓN,ZETA FITTINGS CORP.,2024-04-11,2023-10-30,Rechazado,126,VERDE
Downstream,Caribe,KAPEXIA DEMO — Refinería Modelo,RC-EPC-825,MEC._ACCESORIOS,155-MR-PI13-0186,20,ITEM DEMO 156 — MEC._ACCESORIOS,TANKAGE,OC EMITIDA,ZETA FITTINGS CORP.,2024-01-05,2023-11-26,En programación,153,VERDE
Downstream,Caribe,KAPEXIA DEMO — Refinería Modelo,RC-EPC-948,MEC._ACCESORIOS,156-MR-PI13-0856,44,ITEM DEMO 157 — MEC._ACCESORIOS,TANKAGE,RECIBIDO EN SITIO,ZETA FITTINGS CORP.,2024-03-22,2023-09-29,Rechazado,95,ROJO
Downstream,Caribe,KAPEXIA DEMO — Refinería Modelo,RC-EPC-471,MEC._VÁLVULAS,157-MR-PI14-0416,12,ITEM DEMO 158 — MEC._VÁLVULAS,VACUUM UNIT,EN FABRICACIÓN,DELTA EQUIPOS S.A.S.,2023-09-04,2023-09-24,No requiere inspección,90,VERDE
Downstream,Caribe,KAPEXIA DEMO — Refinería Modelo,RC-EPC-402,MEC._ACCESORIOS,158-MR-PI13-0964,7,ITEM DEMO 159 — MEC._ACCESORIOS,TANKAGE,EN PROCESO DE COMPRA,ZETA FITTINGS CORP.,2023-05-26,2022-12-07,No Aceptado,-201,VERDE
Downstream,Caribe,KAPEXIA DEMO — Refinería Modelo,RC-EPC-732,MEC._ACCESORIOS,159-MR-PI13-0234,39,ITEM DEMO 160 — MEC._ACCESORIOS,OFFSITES,EN TRÁNSITO,BETA INDUSTRIAL LTDA.,2023-02-19,2022-12-13,No requiere inspección,-195,ROJO
Downstream,Caribe,KAPEXIA DEMO — Refinería Modelo,RC-EPC-144,MEC._ACCESORIOS,160-MR-PI13-0520,24,ITEM DEMO 161 — MEC._ACCESORIOS,FLARE SYSTEM,EN TRÁNSITO,DELTA EQUIPOS S.A.S.,2024-03-31,2023-10-27,No Aceptado,123,ROJO
Downstream,Caribe,KAPEXIA DEMO — Refinería Modelo,RC-EPC-344,MEC._TUBERÍA,161-MR-PI15-0416,31,ITEM DEMO 162 — MEC._TUBERÍA,VACUUM UNIT,EN FABRICACIÓN,ZETA FITTINGS CORP.,2023-06-25,2023-06-14,No Aceptado,-12,VERDE
Downstream,Caribe,KAPEXIA DEMO — Refinería Modelo,RC-EPC-388,MEC._ACCESORIOS,162-MR-PI13-0896,25,ITEM DEMO 163 — MEC._ACCESORIOS,TANKAGE,EN PROCESO DE COMPRA,DELTA EQUIPOS S.A.S.,2024-06-18,2024-06-03,No requiere inspección,343,VERDE
Downstream,Caribe,KAPEXIA DEMO — Refinería Modelo,RC-EPC-241,MEC._ESTÁTICA,163-MR-ME01-0993,17,ITEM DEMO 164 — MEC._ESTÁTICA,CRUDE UNIT,OC EMITIDA,GAMMA SUPPLIES INC.,2024-03-24,2023-11-07,No Aceptado,134,ROJO
Downstream,Caribe,KAPEXIA DEMO — Refinería Modelo,RC-EPC-628,INST._Y_CONTROL,164-MR-IN01-0971,8,ITEM DEMO 165 — INST._Y_CONTROL,UTILITIES,RECIBIDO EN SITIO,BETA INDUSTRIAL LTDA.,2024-05-23,2023-11-17,En programación,144,ROJO
Downstream,Caribe,KAPEXIA DEMO — Refinería Modelo,RC-EPC-547,MEC._ACCESORIOS,165-MR-PI13-0193,15,ITEM DEMO 166 — MEC._ACCESORIOS,OFFSITES,EN FABRICACIÓN,PROVEEDOR ALPHA S.A.,2023-09-18,2023-10-10,Parcial liberado,106,VERDE
Downstream,Caribe,KAPEXIA DEMO — Refinería Modelo,RC-EPC-341,MEC._ACCESORIOS,166-MR-PI13-0495,6,ITEM DEMO 167 — MEC._ACCESORIOS,UTILITIES,EN TRÁNSITO,PROVEEDOR ALPHA S.A.,2023-02-27,2023-01-20,En programación,-157,VERDE
Downstream,Caribe,KAPEXIA DEMO — Refinería Modelo,RC-EPC-765,MEC._TUBERÍA,167-MR-PI15-0443,10,ITEM DEMO 168 — MEC._TUBERÍA,VACUUM UNIT,RECIBIDO EN SITIO,GAMMA SUPPLIES INC.,2024-05-21,2023-11-13,Parcial liberado,140,ROJO
Downstream,Caribe,KAPEXIA DEMO — Refinería Modelo,RC-EPC-580,MEC._ACCESORIOS,168-MR-PI13-0559,40,ITEM DEMO 169 — MEC._ACCESORIOS,CRUDE UNIT,RECIBIDO EN SITIO,PROVEEDOR ALPHA S.A.,2024-01-22,2023-08-06,En programación,41,ROJO
Downstream,Caribe,KAPEXIA DEMO — Refinería Modelo,RC-EPC-844,MEC._ACCESORIOS,169-MR-PI13-0723,34,ITEM DEMO 170 — MEC._ACCESORIOS,OFFSITES,RECIBIDO EN SITIO,GAMMA SUPPLIES INC.,2023-05-21,2022-12-08,No requiere inspección,-200,VERDE
Downstream,Caribe,KAPEXIA DEMO — Refinería Modelo,RC-EPC-529,ELÉCTRICA,170-MR-EL01-0754,40,ITEM DEMO 171 — ELÉCTRICA,OFFSITES,RECIBIDO EN SITIO,PROVEEDOR ALPHA S.A.,2023-07-04,2023-01-07,Parcial liberado,-170,VERDE
Downstream,Caribe,KAPEXIA DEMO — Refinería Modelo,RC-EPC-688,MEC._VÁLVULAS,171-MR-PI14-0347,46,ITEM DEMO 172 — MEC._VÁLVULAS,VACUUM UNIT,EN FABRICACIÓN,DELTA EQUIPOS S.A.S.,2023-12-02,2023-04-14,Liberado,-73,VERDE
Downstream,Caribe,KAPEXIA DEMO — Refinería Modelo,RC-EPC-526,MEC._VÁLVULAS,172-MR-PI14-0291,43,ITEM DEMO 173 — MEC._VÁLVULAS,FLARE SYSTEM,RECIBIDO EN SITIO,EPSILON VALVES CO.,2023-12-11,2023-10-12,En programación,108,VERDE
Downstream,Caribe,KAPEXIA DEMO — Refinería Modelo,RC-EPC-905,INST._Y_CONTROL,173-MR-IN01-0619,36,ITEM DEMO 174 — INST._Y_CONTROL,CRUDE UNIT,OC EMITIDA,DELTA EQUIPOS S.A.S.,2023-03-06,2023-04-04,Liberado,-83,VERDE
Downstream,Caribe,KAPEXIA DEMO — Refinería Modelo,RC-EPC-359,INST._Y_CONTROL,174-MR-IN01-0865,2,ITEM DEMO 175 — INST._Y_CONTROL,UTILITIES,RECIBIDO EN SITIO,GAMMA SUPPLIES INC.,2023-12-22,2023-11-10,No requiere inspección,137,AMARILLO
Downstream,Caribe,KAPEXIA DEMO — Refinería Modelo,RC-EPC-852,MEC._ACCESORIOS,175-MR-PI13-0874,22,ITEM DEMO 176 — MEC._ACCESORIOS,VACUUM UNIT,RECIBIDO EN SITIO,GAMMA SUPPLIES INC.,2024-02-10,2023-08-07,No Aceptado,42,ROJO
Downstream,Caribe,KAPEXIA DEMO — Refinería Modelo,RC-EPC-801,MEC._ACCESORIOS,176-MR-PI13-0575,45,ITEM DEMO 177 — MEC._ACCESORIOS,OFFSITES,EN TRÁNSITO,BETA INDUSTRIAL LTDA.,2023-07-23,2023-02-22,Liberado,-124,ROJO
Downstream,Caribe,KAPEXIA DEMO — Refinería Modelo,RC-EPC-306,MEC._VÁLVULAS,177-MR-PI14-0144,13,ITEM DEMO 178 — MEC._VÁLVULAS,CRUDE UNIT,EN FABRICACIÓN,GAMMA SUPPLIES INC.,2024-02-01,2024-01-26,No Aceptado,214,VERDE
Downstream,Caribe,KAPEXIA DEMO — Refinería Modelo,RC-EPC-871,MEC._VÁLVULAS,178-MR-PI14-0762,13,ITEM DEMO 179 — MEC._VÁLVULAS,UTILITIES,EN FABRICACIÓN,PROVEEDOR ALPHA S.A.,2023-08-22,2023-08-24,Rechazado,59,VERDE
Downstream,Caribe,KAPEXIA DEMO — Refinería Modelo,RC-EPC-476,MEC._VÁLVULAS,179-MR-PI14-0547,26,ITEM DEMO 180 — MEC._VÁLVULAS,FLARE SYSTEM,OC EMITIDA,DELTA EQUIPOS S.A.S.,2023-07-19,2023-04-09,En programación,-78,VERDE
Downstream,Caribe,KAPEXIA DEMO — Refinería Modelo,RC-EPC-609,MEC._TUBERÍA,180-MR-PI15-0476,34,ITEM DEMO 181 — MEC._TUBERÍA,UTILITIES,RECIBIDO EN SITIO,ZETA FITTINGS CORP.,2024-06-12,2024-01-19,Parcial liberado,207,VERDE
Downstream,Caribe,KAPEXIA DEMO — Refinería Modelo,RC-EPC-942,MEC._TUBERÍA,181-MR-PI15-0284,35,ITEM DEMO 182 — MEC._TUBERÍA,UTILITIES,EN FABRICACIÓN,PROVEEDOR ALPHA S.A.,2023-03-12,2023-02-20,Liberado,-126,VERDE
Downstream,Caribe,KAPEXIA DEMO — Refinería Modelo,RC-EPC-717,SEG._Y_SCI,182-MR-SC01-0834,28,ITEM DEMO 183 — SEG._Y_SCI,VACUUM UNIT,OC EMITIDA,GAMMA SUPPLIES INC.,2023-07-17,2023-04-19,Parcial liberado,-68,VERDE
Downstream,Caribe,KAPEXIA DEMO — Refinería Modelo,RC-EPC-545,MEC._ACCESORIOS,183-MR-PI13-0381,41,ITEM DEMO 184 — MEC._ACCESORIOS,CRUDE UNIT,RECIBIDO EN SITIO,ZETA FITTINGS CORP.,2023-02-21,2022-12-23,Rechazado,-185,VERDE
Downstream,Caribe,KAPEXIA DEMO — Refinería Modelo,RC-EPC-867,MEC._VÁLVULAS,184-MR-PI14-0795,11,ITEM DEMO 185 — MEC._VÁLVULAS,CRUDE UNIT,EN TRÁNSITO,EPSILON VALVES CO.,2023-08-26,2023-07-03,Rechazado,7,VERDE
Downstream,Caribe,KAPEXIA DEMO — Refinería Modelo,RC-EPC-168,MEC._ACCESORIOS,185-MR-PI13-0341,50,ITEM DEMO 186 — MEC._ACCESORIOS,FLARE SYSTEM,EN FABRICACIÓN,GAMMA SUPPLIES INC.,2024-03-06,2024-02-19,Parcial liberado,238,VERDE
Downstream,Caribe,KAPEXIA DEMO — Refinería Modelo,RC-EPC-795,INST._Y_CONTROL,186-MR-IN01-0560,24,ITEM DEMO 187 — INST._Y_CONTROL,UTILITIES,OC EMITIDA,PROVEEDOR ALPHA S.A.,2024-05-31,2023-10-20,No Aceptado,116,VERDE
Downstream,Caribe,KAPEXIA DEMO — Refinería Modelo,RC-EPC-765,MEC._ACCESORIOS,187-MR-PI13-0385,16,ITEM DEMO 188 — MEC._ACCESORIOS,CRUDE UNIT,RECIBIDO EN SITIO,ZETA FITTINGS CORP.,2023-04-11,2023-02-17,No requiere inspección,-129,VERDE
Downstream,Caribe,KAPEXIA DEMO — Refinería Modelo,RC-EPC-675,MEC._ACCESORIOS,188-MR-PI13-0220,17,ITEM DEMO 189 — MEC._ACCESORIOS,UTILITIES,OC EMITIDA,BETA INDUSTRIAL LTDA.,2023-10-13,2023-11-07,No Aceptado,134,VERDE
Downstream,Caribe,KAPEXIA DEMO — Refinería Modelo,RC-EPC-238,MEC._VÁLVULAS,189-MR-PI14-0973,5,ITEM DEMO 190 — MEC._VÁLVULAS,OFFSITES,EN TRÁNSITO,ZETA FITTINGS CORP.,2023-06-26,2023-07-07,Parcial liberado,11,VERDE
Downstream,Caribe,KAPEXIA DEMO — Refinería Modelo,RC-EPC-965,MEC._VÁLVULAS,190-MR-PI14-0427,43,ITEM DEMO 191 — MEC._VÁLVULAS,UTILITIES,RECIBIDO EN SITIO,EPSILON VALVES CO.,2024-06-24,2023-12-11,No Aceptado,168,ROJO
Downstream,Caribe,KAPEXIA DEMO — Refinería Modelo,RC-EPC-828,MEC._ACCESORIOS,191-MR-PI13-0826,45,ITEM DEMO 192 — MEC._ACCESORIOS,FLARE SYSTEM,EN TRÁNSITO,GAMMA SUPPLIES INC.,2023-06-28,2023-04-02,No Aceptado,-85,ROJO
Downstream,Caribe,KAPEXIA DEMO — Refinería Modelo,RC-EPC-911,MEC._ACCESORIOS,192-MR-PI13-0242,16,ITEM DEMO 193 — MEC._ACCESORIOS,OFFSITES,RECIBIDO EN SITIO,GAMMA SUPPLIES INC.,2023-05-25,2022-11-28,No Aceptado,-210,AMARILLO
Downstream,Caribe,KAPEXIA DEMO — Refinería Modelo,RC-EPC-664,ELÉCTRICA,193-MR-EL01-0232,40,ITEM DEMO 194 — ELÉCTRICA,CRUDE UNIT,RECIBIDO EN SITIO,GAMMA SUPPLIES INC.,2023-11-20,2023-09-29,Parcial liberado,95,VERDE
Downstream,Caribe,KAPEXIA DEMO — Refinería Modelo,RC-EPC-887,MEC._VÁLVULAS,194-MR-PI14-0519,37,ITEM DEMO 195 — MEC._VÁLVULAS,CRUDE UNIT,EN TRÁNSITO,GAMMA SUPPLIES INC.,2024-02-02,2024-02-07,Rechazado,226,VERDE
Downstream,Caribe,KAPEXIA DEMO — Refinería Modelo,RC-EPC-629,INST._Y_CONTROL,195-MR-IN01-0452,9,ITEM DEMO 196 — INST._Y_CONTROL,TANKAGE,EN PROCESO DE COMPRA,BETA INDUSTRIAL LTDA.,2023-03-09,2023-02-27,No requiere inspección,-119,VERDE
Downstream,Caribe,KAPEXIA DEMO — Refinería Modelo,RC-EPC-156,MEC._VÁLVULAS,196-MR-PI14-0951,8,ITEM DEMO 197 — MEC._VÁLVULAS,TANKAGE,EN TRÁNSITO,GAMMA SUPPLIES INC.,2023-09-09,2023-09-26,No requiere inspección,92,AMARILLO
Downstream,Caribe,KAPEXIA DEMO — Refinería Modelo,RC-EPC-330,MEC._ACCESORIOS,197-MR-PI13-0454,34,ITEM DEMO 198 — MEC._ACCESORIOS,UTILITIES,RECIBIDO EN SITIO,GAMMA SUPPLIES INC.,2023-04-23,2023-02-07,No requiere inspección,-139,AMARILLO
Downstream,Caribe,KAPEXIA DEMO — Refinería Modelo,RC-EPC-410,SEG._Y_SCI,198-MR-SC01-0729,35,ITEM DEMO 199 — SEG._Y_SCI,CRUDE UNIT,EN PROCESO DE COMPRA,ZETA FITTINGS CORP.,2023-12-22,2023-09-13,No requiere inspección,79,VERDE
Downstream,Caribe,KAPEXIA DEMO — Refinería Modelo,RC-EPC-739,INST._Y_CONTROL,199-MR-IN01-0837,39,ITEM DEMO 200 — INST._Y_CONTROL,UTILITIES,EN PROCESO DE COMPRA,PROVEEDOR ALPHA S.A.,2023-11-30,2023-06-21,Liberado,-5,VERDE
